main_url,url_one,title,H1_text,Meta_description,main_img
https://wallpapers.com/wallpapers/all-the-latest-windows-10-mobile-wallpaper-490t2se2t2g82z35.html,https://wps01.pixel.ieplsg.com/wallpapers/all-the-latest-windows-10-mobile-wallpaper-490t2se2t2g82z35.html,false,true,false,true
https://wallpapers.com/wallpapers/assorted-photos-on-beige-wooden-table-k7qoukcsin75b7o8.html,https://wps01.pixel.ieplsg.com/wallpapers/assorted-photos-on-beige-wooden-table-k7qoukcsin75b7o8.html,false,true,false,true
https://wallpapers.com/wallpapers/awesome-nebula-wallpaper-50-best-phone-wallpaper-and-background-74951iwvhhx9zozf.html,https://wps01.pixel.ieplsg.com/wallpapers/awesome-nebula-wallpaper-50-best-phone-wallpaper-and-background-74951iwvhhx9zozf.html,false,true,false,true
https://wallpapers.com/wallpapers/beautiful-photography-hd-wallpaper-pc-wallpaper-desktop-sw68b0ufuj0qwpgx.html,https://wps01.pixel.ieplsg.com/wallpapers/beautiful-photography-hd-wallpaper-pc-wallpaper-desktop-sw68b0ufuj0qwpgx.html,false,true,false,true
https://wallpapers.com/wallpapers/beautiful-wallpaper-of-nature-for-mobile-0sld4om7yg1dyncj.html,https://wps01.pixel.ieplsg.com/wallpapers/beautiful-wallpaper-of-nature-for-mobile-0sld4om7yg1dyncj.html,false,true,false,true
https://wallpapers.com/wallpapers/best-3d-love-mobile-wallpaper-backgronds-vrmpy6vjeyzoybl3.html,https://wps01.pixel.ieplsg.com/wallpapers/best-3d-love-mobile-wallpaper-backgronds-vrmpy6vjeyzoybl3.html,false,true,false,true
https://wallpapers.com/wallpapers/best-mobile-wallpaper-hd-wallpaper-wallpaper-in-2019-ncb2nfbzxm7awyw7.html,https://wps01.pixel.ieplsg.com/wallpapers/best-mobile-wallpaper-hd-wallpaper-wallpaper-in-2019-ncb2nfbzxm7awyw7.html,false,true,false,true
https://wallpapers.com/wallpapers/best-phone-wallpaper-bkr7xmlly05olaoa.html,https://wps01.pixel.ieplsg.com/wallpapers/best-phone-wallpaper-bkr7xmlly05olaoa.html,false,true,false,true
https://wallpapers.com/wallpapers/best-wallpaper-phone-image-iphone-background-tuit3ft45ik1z67p.html,https://wps01.pixel.ieplsg.com/wallpapers/best-wallpaper-phone-image-iphone-background-tuit3ft45ik1z67p.html,false,true,false,true
https://wallpapers.com/wallpapers/birds-eye-view-of-curved-road-ovxgfjrdiss48zdd.html,https://wps01.pixel.ieplsg.com/wallpapers/birds-eye-view-of-curved-road-ovxgfjrdiss48zdd.html,false,true,false,true
https://wallpapers.com/wallpapers/black-camera-lens-cabdf2u57ix0xdrp.html,https://wps01.pixel.ieplsg.com/wallpapers/black-camera-lens-cabdf2u57ix0xdrp.html,false,true,false,true
https://wallpapers.com/wallpapers/black-clean-minimal-wallpaper-android-wallpaper-wallpaper-xxm78c1k8vagpo1d.html,https://wps01.pixel.ieplsg.com/wallpapers/black-clean-minimal-wallpaper-android-wallpaper-wallpaper-xxm78c1k8vagpo1d.html,false,true,false,true
https://wallpapers.com/wallpapers/black-minolta-dslr-cameras-g9l20qd36uafn6ce.html,https://wps01.pixel.ieplsg.com/wallpapers/black-minolta-dslr-cameras-g9l20qd36uafn6ce.html,false,true,false,true
https://wallpapers.com/wallpapers/building-minimalism-sky-zzzv2tvqg05a6rz3.html,https://wps01.pixel.ieplsg.com/wallpapers/building-minimalism-sky-zzzv2tvqg05a6rz3.html,false,true,false,true
https://wallpapers.com/wallpapers/captain-america-iphone-6-wallpaper-2-captain-america-printables-5vmazr2d7zy28592.html,https://wps01.pixel.ieplsg.com/wallpapers/captain-america-iphone-6-wallpaper-2-captain-america-printables-5vmazr2d7zy28592.html,false,true,false,true
https://wallpapers.com/wallpapers/cell-phone-wallpaper-hd-aymtob1w7zkifa5v.html,https://wps01.pixel.ieplsg.com/wallpapers/cell-phone-wallpaper-hd-aymtob1w7zkifa5v.html,false,true,false,true
https://wallpapers.com/wallpapers/clear-eyeglasses-on-post-cards-qtbr2hq6q26jib9q.html,https://wps01.pixel.ieplsg.com/wallpapers/clear-eyeglasses-on-post-cards-qtbr2hq6q26jib9q.html,false,true,false,true
https://wallpapers.com/wallpapers/coco-mobile-wallpaper-kaq80w71na5wv1fb.html,https://wps01.pixel.ieplsg.com/wallpapers/coco-mobile-wallpaper-kaq80w71na5wv1fb.html,false,true,false,true
https://wallpapers.com/wallpapers/cool-pc-wallpaper-6stxbykxwng80bi6.html,https://wps01.pixel.ieplsg.com/wallpapers/cool-pc-wallpaper-6stxbykxwng80bi6.html,false,true,false,true
https://wallpapers.com/wallpapers/couple-wallpaper-jfm7uaea6wor69c1.html,https://wps01.pixel.ieplsg.com/wallpapers/couple-wallpaper-jfm7uaea6wor69c1.html,false,true,false,true
https://wallpapers.com/wallpapers/cute-girly-wallpaper-dont-touch-my-phone-k1hvpc0tc39he2z4.html,https://wps01.pixel.ieplsg.com/wallpapers/cute-girly-wallpaper-dont-touch-my-phone-k1hvpc0tc39he2z4.html,false,true,false,true
https://wallpapers.com/wallpapers/cute-green-kawaii-wallpaper-azc588mlx664j8jo.html,https://wps01.pixel.ieplsg.com/wallpapers/cute-green-kawaii-wallpaper-azc588mlx664j8jo.html,false,true,false,true
https://wallpapers.com/wallpapers/cute-iphone-wallpaper-928imnmt2xmfjugx.html,https://wps01.pixel.ieplsg.com/wallpapers/cute-iphone-wallpaper-928imnmt2xmfjugx.html,false,true,false,true
https://wallpapers.com/wallpapers/cute-kawaii-wallpaper-collection-7rngjttryyid3p04.html,https://wps01.pixel.ieplsg.com/wallpapers/cute-kawaii-wallpaper-collection-7rngjttryyid3p04.html,false,true,false,true
https://wallpapers.com/wallpapers/cute-lock-screen-wallpaper-pinterest-pic-wsw2065953-6mfgsc49qnlksleq.html,https://wps01.pixel.ieplsg.com/wallpapers/cute-lock-screen-wallpaper-pinterest-pic-wsw2065953-6mfgsc49qnlksleq.html,false,true,false,true
https://wallpapers.com/wallpapers/cute-pinterest-wallpaper-fk2etkl6merbol97.html,https://wps01.pixel.ieplsg.com/wallpapers/cute-pinterest-wallpaper-fk2etkl6merbol97.html,false,true,false,true
https://wallpapers.com/wallpapers/cute-samsung-galaxy-note-wallpaper-pic-wsw1086044-hd-wallpaper-na9hga5p47q4j8iq.html,https://wps01.pixel.ieplsg.com/wallpapers/cute-samsung-galaxy-note-wallpaper-pic-wsw1086044-hd-wallpaper-na9hga5p47q4j8iq.html,false,true,false,true
https://wallpapers.com/wallpapers/cute-wallpaper-337-p1y44h0o3yoz84jt.html,https://wps01.pixel.ieplsg.com/wallpapers/cute-wallpaper-337-p1y44h0o3yoz84jt.html,false,true,false,true
https://wallpapers.com/wallpapers/cute-wallpaper-5i-not-go-away-mqybsr3dyi65hkye.html,https://wps01.pixel.ieplsg.com/wallpapers/cute-wallpaper-5i-not-go-away-mqybsr3dyi65hkye.html,false,true,false,true
https://wallpapers.com/wallpapers/cute-wallpaper-cute-picture-siosvwg1oe0xu7ai.html,https://wps01.pixel.ieplsg.com/wallpapers/cute-wallpaper-cute-picture-siosvwg1oe0xu7ai.html,false,true,false,true
https://wallpapers.com/wallpapers/cute-wallpaper-for-android-phone-eneip1zdho3emqfq.html,https://wps01.pixel.ieplsg.com/wallpapers/cute-wallpaper-for-android-phone-eneip1zdho3emqfq.html,false,true,false,true
https://wallpapers.com/wallpapers/cute-wallpaper-for-phone-background-6o0ciwwtfc19dj7d.html,https://wps01.pixel.ieplsg.com/wallpapers/cute-wallpaper-for-phone-background-6o0ciwwtfc19dj7d.html,false,true,false,true
https://wallpapers.com/wallpapers/cute-wallpaper-hd-mlivk4qx02g04rj7.html,https://wps01.pixel.ieplsg.com/wallpapers/cute-wallpaper-hd-mlivk4qx02g04rj7.html,false,true,false,true
https://wallpapers.com/wallpapers/cute-wallpaper-tumblr-t91iplme34qvepsr.html,https://wps01.pixel.ieplsg.com/wallpapers/cute-wallpaper-tumblr-t91iplme34qvepsr.html,false,true,false,true
https://wallpapers.com/wallpapers/cute-wallpaper-wafwuc4a5iexqz5w.html,https://wps01.pixel.ieplsg.com/wallpapers/cute-wallpaper-wafwuc4a5iexqz5w.html,false,true,false,true
https://wallpapers.com/wallpapers/deadpool-2-phone-wallpaper-eskna7djjq27b9up.html,https://wps01.pixel.ieplsg.com/wallpapers/deadpool-2-phone-wallpaper-eskna7djjq27b9up.html,false,true,false,true
https://wallpapers.com/wallpapers/desktop-pc-nature-cool-ilcom-hd-with-wallpaper-image-for-mobile-rq6tif0k6ofzjq0a.html,https://wps01.pixel.ieplsg.com/wallpapers/desktop-pc-nature-cool-ilcom-hd-with-wallpaper-image-for-mobile-rq6tif0k6ofzjq0a.html,false,true,false,true
https://wallpapers.com/wallpapers/desktop-wallpaper-hd-1080p-collection-z90svdav723cgrnc.html,https://wps01.pixel.ieplsg.com/wallpapers/desktop-wallpaper-hd-1080p-collection-z90svdav723cgrnc.html,false,true,false,true
https://wallpapers.com/wallpapers/firewatch-forest-landscape-in-game-minimalistic-7hlxgbw98nreycg5.html,https://wps01.pixel.ieplsg.com/wallpapers/firewatch-forest-landscape-in-game-minimalistic-7hlxgbw98nreycg5.html,false,true,false,true
https://wallpapers.com/wallpapers/flat-lay-photo-of-camera-gear-on-floor-sya9aq7c3p6bwk1y.html,https://wps01.pixel.ieplsg.com/wallpapers/flat-lay-photo-of-camera-gear-on-floor-sya9aq7c3p6bwk1y.html,false,true,false,true
https://wallpapers.com/wallpapers/for-your-desktop-43-top-quality-hd-pc-wallpaper-bscb-wpbg-9roy8i4xos0cju3e.html,https://wps01.pixel.ieplsg.com/wallpapers/for-your-desktop-43-top-quality-hd-pc-wallpaper-bscb-wpbg-9roy8i4xos0cju3e.html,false,true,false,true
https://wallpapers.com/wallpapers/free-minimalist-wallpaper-for-pc-android-ios-minimal-m0p2yk3ydfdtu4va.html,https://wps01.pixel.ieplsg.com/wallpapers/free-minimalist-wallpaper-for-pc-android-ios-minimal-m0p2yk3ydfdtu4va.html,false,false,false,true
https://wallpapers.com/wallpapers/gray-road-under-cloudy-sky-548zyiegt90pbiph.html,https://wps01.pixel.ieplsg.com/wallpapers/gray-road-under-cloudy-sky-548zyiegt90pbiph.html,false,true,false,true
https://wallpapers.com/wallpapers/green-leaves-screengrab-mzeasoa5xjtmehid.html,https://wps01.pixel.ieplsg.com/wallpapers/green-leaves-screengrab-mzeasoa5xjtmehid.html,false,true,false,true
https://wallpapers.com/wallpapers/hd-desktop-wallpaper-1080p-1uk6ojwqm2goiu87.html,https://wps01.pixel.ieplsg.com/wallpapers/hd-desktop-wallpaper-1080p-1uk6ojwqm2goiu87.html,false,true,false,true
https://wallpapers.com/wallpapers/hd-for-pc-wallpaper-dnyb5nwu4zf2l66a.html,https://wps01.pixel.ieplsg.com/wallpapers/hd-for-pc-wallpaper-dnyb5nwu4zf2l66a.html,false,true,false,true
https://wallpapers.com/wallpapers/hd-wallpaper-for-pc-wallpaper-high-quality-free-q606x6d0kzm717or.html,https://wps01.pixel.ieplsg.com/wallpapers/hd-wallpaper-for-pc-wallpaper-high-quality-free-q606x6d0kzm717or.html,false,true,false,true
https://wallpapers.com/wallpapers/hipster-phone-wallpaper-5fyycs1fsrwfobe0.html,https://wps01.pixel.ieplsg.com/wallpapers/hipster-phone-wallpaper-5fyycs1fsrwfobe0.html,false,true,false,true
https://wallpapers.com/wallpapers/iphone-6-background-tumblr-cute-clipartgram-with-regard-to-iphone-6wlffufdcelox4gp.html,https://wps01.pixel.ieplsg.com/wallpapers/iphone-6-background-tumblr-cute-clipartgram-with-regard-to-iphone-6wlffufdcelox4gp.html,false,false,false,true
https://wallpapers.com/wallpapers/iphone-wallpaper-smokey-mobile-wallpaper-xnqcinw5wj3qqg3q.html,https://wps01.pixel.ieplsg.com/wallpapers/iphone-wallpaper-smokey-mobile-wallpaper-xnqcinw5wj3qqg3q.html,false,true,false,true
